entry_id,source_id,component_id,source_part,language,status,analysis_eligible,site,title,source_url,license
ETEC-IGXV1-1,"IG XV 1, 1",ETEC-IGXV1-1-I,I,eteocypriot,source_attributed,True,Amathus,"Weihinschrift, eteokyprisch und griechisch",https://telota.bbaw.de/ig/digitale-edition/inschrift/IG%20XV%201%2C%201,CC-BY-4.0
ETEC-IGXV1-1,"IG XV 1, 1",ETEC-IGXV1-1-II,II,grc,source_attributed_parallel,False,Amathus,"Weihinschrift, eteokyprisch und griechisch",https://telota.bbaw.de/ig/digitale-edition/inschrift/IG%20XV%201%2C%201,CC-BY-4.0
ETEC-IGXV1-2,"IG XV 1, 2",ETEC-IGXV1-2-I,I,eteocypriot,source_attributed,True,Amathus,"Weihinschrift, eteokyprisch und griechisch",https://telota.bbaw.de/ig/digitale-edition/inschrift/IG%20XV%201%2C%202,CC-BY-4.0
ETEC-IGXV1-2,"IG XV 1, 2",ETEC-IGXV1-2-II,II,grc,source_attributed_parallel,False,Amathus,"Weihinschrift, eteokyprisch und griechisch",https://telota.bbaw.de/ig/digitale-edition/inschrift/IG%20XV%201%2C%202,CC-BY-4.0
ETEC-IGXV1-3,"IG XV 1, 3",ETEC-IGXV1-3-body,body,eteocypriot,source_attributed,True,Amathus,"Inschrift, eteokyprisch",https://telota.bbaw.de/ig/digitale-edition/inschrift/IG%20XV%201%2C%203,CC-BY-4.0
ETEC-IGXV1-4,"IG XV 1, 4",ETEC-IGXV1-4-body,body,eteocypriot,source_attributed,True,Amathus,"Inschrift, eteokyprisch",https://telota.bbaw.de/ig/digitale-edition/inschrift/IG%20XV%201%2C%204,CC-BY-4.0
ETEC-IGXV1-5,"IG XV 1, 5",ETEC-IGXV1-5-body,body,eteocypriot,source_attributed,True,Amathus,"Inschrift, eteokyprisch",https://telota.bbaw.de/ig/digitale-edition/inschrift/IG%20XV%201%2C%205,CC-BY-4.0
ETEC-IGXV1-6,"IG XV 1, 6",ETEC-IGXV1-6-body,body,eteocypriot,source_attributed,True,Amathus,"Ehreninschrift?, eteokyprisch",https://telota.bbaw.de/ig/digitale-edition/inschrift/IG%20XV%201%2C%206,CC-BY-4.0
ETEC-IGXV1-7,"IG XV 1, 7",ETEC-IGXV1-7-I,I,eteocypriot,source_attributed,True,Amathus,"Ehreninschrift, eteokyprisch und griechisch",https://telota.bbaw.de/ig/digitale-edition/inschrift/IG%20XV%201%2C%207,CC-BY-4.0
ETEC-IGXV1-7,"IG XV 1, 7",ETEC-IGXV1-7-II,II,grc,source_attributed_parallel,False,Amathus,"Ehreninschrift, eteokyprisch und griechisch",https://telota.bbaw.de/ig/digitale-edition/inschrift/IG%20XV%201%2C%207,CC-BY-4.0
ETEC-IGXV1-8,"IG XV 1, 8",ETEC-IGXV1-8-body,body,eteocypriot,source_attributed,True,Amathus,"Inschrift, eteokyprisch",https://telota.bbaw.de/ig/digitale-edition/inschrift/IG%20XV%201%2C%208,CC-BY-4.0
ETEC-IGXV1-9,"IG XV 1, 9",ETEC-IGXV1-9-body,body,eteocypriot,source_attributed,True,Amathus,"Inschrift, eteokyprisch",https://telota.bbaw.de/ig/digitale-edition/inschrift/IG%20XV%201%2C%209,CC-BY-4.0
ETEC-IGXV1-10,"IG XV 1, 10",ETEC-IGXV1-10-body,body,eteocypriot,source_attributed,True,Amathus,"Inschrift, eteokyprisch",https://telota.bbaw.de/ig/digitale-edition/inschrift/IG%20XV%201%2C%2010,CC-BY-4.0
ETEC-IGXV1-11,"IG XV 1, 11",ETEC-IGXV1-11-body,body,eteocypriot,source_attributed,True,Amathus,"Inschrift, eteokyprisch",https://telota.bbaw.de/ig/digitale-edition/inschrift/IG%20XV%201%2C%2011,CC-BY-4.0
ETEC-IGXV1-12,"IG XV 1, 12",ETEC-IGXV1-12-body,body,uncertain,source_attributed_uncertain,False,Amathus,"Inschrift, eteokyprisch?",https://telota.bbaw.de/ig/digitale-edition/inschrift/IG%20XV%201%2C%2012,CC-BY-4.0
ETEC-IGXV1-13,"IG XV 1, 13",ETEC-IGXV1-13-body,body,uncertain,source_attributed_uncertain,False,Amathus,"Grabinschrift, eteokyprisch?",https://telota.bbaw.de/ig/digitale-edition/inschrift/IG%20XV%201%2C%2013,CC-BY-4.0
ETEC-IGXV1-14,"IG XV 1, 14",ETEC-IGXV1-14-body,body,eteocypriot,source_attributed,True,Amathus,"Grabinschrift, eteokyprisch",https://telota.bbaw.de/ig/digitale-edition/inschrift/IG%20XV%201%2C%2014,CC-BY-4.0
ETEC-IGXV1-15,"IG XV 1, 15",ETEC-IGXV1-15-body,body,eteocypriot,source_attributed,True,Amathus,"Inschrift, eteokyprisch",https://telota.bbaw.de/ig/digitale-edition/inschrift/IG%20XV%201%2C%2015,CC-BY-4.0
ETEC-IGXV1-16,"IG XV 1, 16",ETEC-IGXV1-16-A,A,eteocypriot,source_attributed,True,unbekannt,"Inschrift, eteokyprisch",https://telota.bbaw.de/ig/digitale-edition/inschrift/IG%20XV%201%2C%2016,CC-BY-4.0
ETEC-IGXV1-16,"IG XV 1, 16",ETEC-IGXV1-16-B,B,eteocypriot,source_attributed,True,unbekannt,"Inschrift, eteokyprisch",https://telota.bbaw.de/ig/digitale-edition/inschrift/IG%20XV%201%2C%2016,CC-BY-4.0
ETEC-IGXV1-17,"IG XV 1, 17",ETEC-IGXV1-17-body,body,eteocypriot,source_attributed,True,Amathus,"Grabinschrift, eteokyprisch",https://telota.bbaw.de/ig/digitale-edition/inschrift/IG%20XV%201%2C%2017,CC-BY-4.0
ETEC-IGXV1-18,"IG XV 1, 18",ETEC-IGXV1-18-body,body,eteocypriot,source_attributed,True,Amathus,"Weihinschrift?, eteokyprisch",https://telota.bbaw.de/ig/digitale-edition/inschrift/IG%20XV%201%2C%2018,CC-BY-4.0
ETEC-IGXV1-46,"IG XV 1, 46",ETEC-IGXV1-46-body,body,uncertain,source_attributed_uncertain,False,Amathus,"Graffito, eteokyprisch?",https://telota.bbaw.de/ig/digitale-edition/inschrift/IG%20XV%201%2C%2046,CC-BY-4.0
ETEC-IGXV1-99,"IG XV 1, 99",ETEC-IGXV1-99-body,body,uncertain,source_attributed_uncertain,False,Kurion,"Weihinschrift?, eteokyprisch?",https://telota.bbaw.de/ig/digitale-edition/inschrift/IG%20XV%201%2C%2099,CC-BY-4.0
ETEC-IGXV1-110,"IG XV 1, 110",ETEC-IGXV1-110-body,body,uncertain,source_attributed_uncertain,False,Kurion,"Weihinschrift?, eteokyprisch oder syllabisch?",https://telota.bbaw.de/ig/digitale-edition/inschrift/IG%20XV%201%2C%20110,CC-BY-4.0
ETEC-IGXV1-152,"IG XV 1, 152",ETEC-IGXV1-152-body,body,uncertain,source_attributed_uncertain,False,Kurion,"Besitzerinschrift, eteokyprisch?",https://telota.bbaw.de/ig/digitale-edition/inschrift/IG%20XV%201%2C%20152,CC-BY-4.0
ETEC-IGXV1-155,"IG XV 1, 155",ETEC-IGXV1-155-body,body,eteocypriot,source_attributed,True,Kurion,"Besitzerinschrift?, eteokyprisch",https://telota.bbaw.de/ig/digitale-edition/inschrift/IG%20XV%201%2C%20155,CC-BY-4.0
ETEC-IGXV1-158,"IG XV 1, 158",ETEC-IGXV1-158-body,body,uncertain,source_attributed_uncertain,False,Kurion,"Besitzerinschrift?, eteokyprisch?",https://telota.bbaw.de/ig/digitale-edition/inschrift/IG%20XV%201%2C%20158,CC-BY-4.0
ETEC-IGXV1-246,"IG XV 1, 246",ETEC-IGXV1-246-body,body,uncertain,source_attributed_uncertain,False,Marion,"Inschrift, eteokyprisch?",https://telota.bbaw.de/ig/digitale-edition/inschrift/IG%20XV%201%2C%20246,CC-BY-4.0
